-- =============================================================================
-- HR Sample Seed Data — Municipality of Carmen
-- Run this AFTER 001_lgu_ims_tables.sql
-- Safe to re-run (ON CONFLICT DO NOTHING on everything).
-- =============================================================================

-- ─── 1. POSITION TYPES ───────────────────────────────────────────────────────
INSERT INTO hr.pos_type (id, description) VALUES
  ('11111111-0001-0000-0000-000000000000', 'Permanent'),
  ('11111111-0002-0000-0000-000000000000', 'Casual'),
  ('11111111-0003-0000-0000-000000000000', 'Coterminous'),
  ('11111111-0004-0000-0000-000000000000', 'Job Order'),
  ('11111111-0005-0000-0000-000000000000', 'Contractual')
ON CONFLICT (description) DO NOTHING;

-- ─── 2. OFFICES ──────────────────────────────────────────────────────────────
INSERT INTO hr.office (id, description, code) VALUES
  ('22222222-0001-0000-0000-000000000000', 'Office of the Mayor',                'MO'),
  ('22222222-0002-0000-0000-000000000000', 'Office of the Vice Mayor',           'VMO'),
  ('22222222-0003-0000-0000-000000000000', 'Sangguniang Bayan',                  'SB'),
  ('22222222-0004-0000-0000-000000000000', 'Municipal Administrator',            'MADM'),
  ('22222222-0005-0000-0000-000000000000', 'Office of the Civil Registrar',      'OCR'),
  ('22222222-0006-0000-0000-000000000000', 'Municipal Assessor',                 'MASS'),
  ('22222222-0007-0000-0000-000000000000', 'Municipal Treasurer',                'MTO'),
  ('22222222-0008-0000-0000-000000000000', 'Municipal Budget Office',            'MBO'),
  ('22222222-0009-0000-0000-000000000000', 'Municipal Accounting Office',        'MAO'),
  ('22222222-0010-0000-0000-000000000000', 'Municipal Planning & Dev. Office',   'MPDO'),
  ('22222222-0011-0000-0000-000000000000', 'Municipal Engineering Office',       'MEO'),
  ('22222222-0012-0000-0000-000000000000', 'Municipal Health Office',            'MHO'),
  ('22222222-0013-0000-0000-000000000000', 'Municipal Social Welfare & Dev.',    'MSWD'),
  ('22222222-0014-0000-0000-000000000000', 'Municipal Agriculture Office',       'MAG'),
  ('22222222-0015-0000-0000-000000000000', 'Human Resource Management Office',  'HRMO')
ON CONFLICT (code) DO NOTHING;

-- ─── 3. RATES (monthly salary amounts per SG-Step) ───────────────────────────
-- Amounts based on DBM Salary Standardization Law (SSL) IV / EO 64 s.2024
INSERT INTO hr.rate (id, description, amount, sg_number, step) VALUES
  ('33333333-0001-0000-0000-000000000000', 'SG-6  Step 1',  16227.00,  6, 1),
  ('33333333-0002-0000-0000-000000000000', 'SG-8  Step 1',  18998.00,  8, 1),
  ('33333333-0003-0000-0000-000000000000', 'SG-10 Step 1',  22190.00, 10, 1),
  ('33333333-0004-0000-0000-000000000000', 'SG-11 Step 1',  24887.00, 11, 1),
  ('33333333-0005-0000-0000-000000000000', 'SG-14 Step 1',  33843.00, 14, 1),
  ('33333333-0006-0000-0000-000000000000', 'SG-15 Step 1',  37704.00, 15, 1),
  ('33333333-0007-0000-0000-000000000000', 'SG-22 Step 1',  76027.00, 22, 1),
  ('33333333-0008-0000-0000-000000000000', 'SG-25 Step 1', 107362.00, 25, 1),
  ('33333333-0009-0000-0000-000000000000', 'SG-27 Step 1', 133799.00, 27, 1),
  ('33333333-0010-0000-0000-000000000000', 'JO Daily 500',    500.00, NULL, NULL)  -- Job Order: no SG
ON CONFLICT DO NOTHING;

-- ─── 4. SALARY RATES ─────────────────────────────────────────────────────────
-- is_perday = false → monthly; is_perday = true → daily (Job Orders)
INSERT INTO hr.salary_rate (id, description, rate_id, is_perday) VALUES
  ('44444444-0001-0000-0000-000000000000', 'SG-6  Step 1 Monthly',  '33333333-0001-0000-0000-000000000000', false),
  ('44444444-0002-0000-0000-000000000000', 'SG-8  Step 1 Monthly',  '33333333-0002-0000-0000-000000000000', false),
  ('44444444-0003-0000-0000-000000000000', 'SG-10 Step 1 Monthly',  '33333333-0003-0000-0000-000000000000', false),
  ('44444444-0004-0000-0000-000000000000', 'SG-11 Step 1 Monthly',  '33333333-0004-0000-0000-000000000000', false),
  ('44444444-0005-0000-0000-000000000000', 'SG-14 Step 1 Monthly',  '33333333-0005-0000-0000-000000000000', false),
  ('44444444-0006-0000-0000-000000000000', 'SG-15 Step 1 Monthly',  '33333333-0006-0000-0000-000000000000', false),
  ('44444444-0007-0000-0000-000000000000', 'SG-22 Step 1 Monthly',  '33333333-0007-0000-0000-000000000000', false),
  ('44444444-0008-0000-0000-000000000000', 'SG-25 Step 1 Monthly',  '33333333-0008-0000-0000-000000000000', false),
  ('44444444-0009-0000-0000-000000000000', 'SG-27 Step 1 Monthly',  '33333333-0009-0000-0000-000000000000', false),
  ('44444444-0010-0000-0000-000000000000', 'JO Daily 500',          '33333333-0010-0000-0000-000000000000', true)
ON CONFLICT DO NOTHING;

-- ─── 5. POSITIONS (plantilla items) ──────────────────────────────────────────
-- salary_grade is intentionally omitted here — the trigger
-- trg_sync_position_salary_grade will auto-populate it from sr_id.
INSERT INTO hr.position (id, description, item_no, sr_id, pt_id, o_id, "authorization") VALUES
  -- Office of the Mayor
  ('55555555-0001-0000-0000-000000000000', 'Municipal Mayor',               'MO-001',  '44444444-0009-0000-0000-000000000000', '11111111-0001-0000-0000-000000000000', '22222222-0001-0000-0000-000000000000', 'RA 7160, Sec. 443'),
  ('55555555-0002-0000-0000-000000000000', 'Administrative Aide IV',        'MO-002',  '44444444-0001-0000-0000-000000000000', '11111111-0001-0000-0000-000000000000', '22222222-0001-0000-0000-000000000000', 'SB Ordinance No. 2, s. 2010'),
  -- HRMO
  ('55555555-0003-0000-0000-000000000000', 'Human Resource Mgmt. Officer I','HRMO-001', '44444444-0004-0000-0000-000000000000', '11111111-0001-0000-0000-000000000000', '22222222-0015-0000-0000-000000000000', 'DBM-CSC JR No. 1, s. 2017'),
  ('55555555-0004-0000-0000-000000000000', 'Human Resource Asst.',          'HRMO-002', '44444444-0003-0000-0000-000000000000', '11111111-0001-0000-0000-000000000000', '22222222-0015-0000-0000-000000000000', 'SB Ordinance No. 5, s. 2015'),
  -- Treasury
  ('55555555-0005-0000-0000-000000000000', 'Municipal Treasurer',           'MTO-001', '44444444-0007-0000-0000-000000000000', '11111111-0001-0000-0000-000000000000', '22222222-0007-0000-0000-000000000000', 'RA 7160, Sec. 470'),
  ('55555555-0006-0000-0000-000000000000', 'Revenue Collection Clerk II',   'MTO-002', '44444444-0002-0000-0000-000000000000', '11111111-0001-0000-0000-000000000000', '22222222-0007-0000-0000-000000000000', 'SB Ordinance No. 3, s. 2012'),
  -- Engineering
  ('55555555-0007-0000-0000-000000000000', 'Municipal Engineer',            'MEO-001', '44444444-0008-0000-0000-000000000000', '11111111-0001-0000-0000-000000000000', '22222222-0011-0000-0000-000000000000', 'RA 7160, Sec. 477'),
  ('55555555-0008-0000-0000-000000000000', 'Engineering Aide',              'MEO-002', '44444444-0010-0000-0000-000000000000', '11111111-0004-0000-0000-000000000000', '22222222-0011-0000-0000-000000000000', NULL),
  -- Health
  ('55555555-0009-0000-0000-000000000000', 'Municipal Health Officer',      'MHO-001', '44444444-0006-0000-0000-000000000000', '11111111-0001-0000-0000-000000000000', '22222222-0012-0000-0000-000000000000', 'RA 7160, Sec. 484'),
  ('55555555-0010-0000-0000-000000000000', 'Nurse II',                      'MHO-002', '44444444-0005-0000-0000-000000000000', '11111111-0001-0000-0000-000000000000', '22222222-0012-0000-0000-000000000000', 'SB Ordinance No. 8, s. 2018')
ON CONFLICT (item_no) DO NOTHING;

-- Mark those positions as filled
UPDATE hr.position SET is_filled = true
WHERE item_no IN ('MO-001','MO-002','HRMO-001','HRMO-002','MTO-001','MTO-002','MEO-001','MHO-001');

-- ─── 6. PERSONNEL ────────────────────────────────────────────────────────────
-- user_id = NULL — none are linked to a system account yet.
-- Use the Employee Masterlist → link icon to connect them to a pending_users account.
INSERT INTO hr.personnel (
  id, pos_id, o_id,
  first_name, middle_name, last_name,
  civil_status, birth_date, blood_type, contact_number, address,
  gsis_number, philhealth_number, pagibig_number, tin,
  employment_status, date_hired, is_active
) VALUES
  -- MO-001 Mayor
  ('66666666-0001-0000-0000-000000000000',
   '55555555-0001-0000-0000-000000000000', '22222222-0001-0000-0000-000000000000',
   'Jose', 'R.', 'Dela Cruz', 'married', '1972-04-15', 'O+', '09171234001',
   'Poblacion, Carmen, Cebu',
   'GSIS-2001-00001','PH-2001-00001','PB-2001-00001','TIN-2001-00001',
   'permanent', '2001-07-01', true),

  -- MO-002 Admin Aide
  ('66666666-0002-0000-0000-000000000000',
   '55555555-0002-0000-0000-000000000000', '22222222-0001-0000-0000-000000000000',
   'Maria', 'S.', 'Santos', 'single', '1990-08-22', 'A+', '09181234002',
   'Brgy. Cantipay, Carmen, Cebu',
   'GSIS-2010-00002','PH-2010-00002','PB-2010-00002','TIN-2010-00002',
   'permanent', '2010-01-15', true),

  -- HRMO-001 HR Officer
  ('66666666-0003-0000-0000-000000000000',
   '55555555-0003-0000-0000-000000000000', '22222222-0015-0000-0000-000000000000',
   'Ana', 'M.', 'Reyes', 'married', '1985-03-10', 'B+', '09191234003',
   'Brgy. Cogon, Carmen, Cebu',
   'GSIS-2008-00003','PH-2008-00003','PB-2008-00003','TIN-2008-00003',
   'permanent', '2008-06-01', true),

  -- HRMO-002 HR Assistant
  ('66666666-0004-0000-0000-000000000000',
   '55555555-0004-0000-0000-000000000000', '22222222-0015-0000-0000-000000000000',
   'Carlo', 'T.', 'Bautista', 'single', '1995-11-05', 'AB+', '09201234004',
   'Brgy. Dawis, Carmen, Cebu',
   'GSIS-2018-00004','PH-2018-00004','PB-2018-00004','TIN-2018-00004',
   'permanent', '2018-03-01', true),

  -- MTO-001 Treasurer
  ('66666666-0005-0000-0000-000000000000',
   '55555555-0005-0000-0000-000000000000', '22222222-0007-0000-0000-000000000000',
   'Luz', 'C.', 'Garcia', 'widowed', '1968-07-18', 'O-', '09211234005',
   'Brgy. Liboron, Carmen, Cebu',
   'GSIS-1999-00005','PH-1999-00005','PB-1999-00005','TIN-1999-00005',
   'permanent', '1999-09-01', true),

  -- MTO-002 Revenue Collection Clerk
  ('66666666-0006-0000-0000-000000000000',
   '55555555-0006-0000-0000-000000000000', '22222222-0007-0000-0000-000000000000',
   'Pedro', 'A.', 'Villanueva', 'single', '1993-02-28', 'A-', '09221234006',
   'Brgy. Panalipan, Carmen, Cebu',
   'GSIS-2015-00006','PH-2015-00006','PB-2015-00006','TIN-2015-00006',
   'permanent', '2015-07-16', true),

  -- MEO-001 Municipal Engineer
  ('66666666-0007-0000-0000-000000000000',
   '55555555-0007-0000-0000-000000000000', '22222222-0011-0000-0000-000000000000',
   'Ramon', 'B.', 'Fernandez', 'married', '1978-09-12', 'B-', '09231234007',
   'Brgy. Imelda, Carmen, Cebu',
   'GSIS-2005-00007','PH-2005-00007','PB-2005-00007','TIN-2005-00007',
   'permanent', '2005-01-03', true),

  -- MEO-002 Engineering Aide (Job Order)
  ('66666666-0008-0000-0000-000000000000',
   '55555555-0008-0000-0000-000000000000', '22222222-0011-0000-0000-000000000000',
   'Roel', '', 'Mendoza', 'single', '1998-06-30', 'O+', '09241234008',
   'Brgy. Suba, Carmen, Cebu',
   NULL, NULL, NULL, NULL,
   'job_order', '2024-01-08', true),

  -- MHO-001 Municipal Health Officer
  ('66666666-0009-0000-0000-000000000000',
   '55555555-0009-0000-0000-000000000000', '22222222-0012-0000-0000-000000000000',
   'Elena', 'P.', 'Cruz', 'married', '1975-12-01', 'AB-', '09251234009',
   'Brgy. Owak, Carmen, Cebu',
   'GSIS-2003-00009','PH-2003-00009','PB-2003-00009','TIN-2003-00009',
   'permanent', '2003-04-01', true),

  -- MHO-002 Nurse (Casual)
  ('66666666-0010-0000-0000-000000000000',
   '55555555-0010-0000-0000-000000000000', '22222222-0012-0000-0000-000000000000',
   'Grace', 'L.', 'Torres', 'single', '1996-05-14', 'A+', '09261234010',
   'Brgy. Cantumpaw, Carmen, Cebu',
   'GSIS-2022-00010','PH-2022-00010','PB-2022-00010','TIN-2022-00010',
   'casual', '2022-01-03', true)

ON CONFLICT DO NOTHING;
